INSERT INTO `Auteur` (`id`, `organisation`, `equipe`, `nom`, `prenom`) VALUES
(1, 'UTT', 'ABC', 'Michel', 'Dupont'),
(2, 'UTT', 'ABC', 'Amédée', 'Durand'),
(3, 'UTT', 'ABC', 'Jean', 'Sarkozy'),
(4, 'UTT', 'ABC', 'Paul', 'Hollande'),
(5, 'UTT', 'ABC', 'Pierre', 'Andriot'),
(6, 'UTT', 'ABC', 'Enzo', 'Martin'),
(7, 'UTT', 'ABC', 'Alain', 'Ribery'),
(8, 'UTT', 'ABC', 'Thierry', 'Benzema'),
(9, 'UTT', 'ABC', 'Pauline', 'Messi'),
(10, 'UTT', 'ABC', 'Mathilde', 'Griezmann'),
(11, 'UTT', 'ABC', 'Laurence', 'Gilbert'),
(12, 'UTT', 'ABC', 'Amelie', 'Schneider'),
(13, 'UTT', 'ABC', 'Sophie', 'Bernales'),
(14, 'UTT', 'ABC', 'Isabelle', 'Loriette'),
(15, 'UTT', 'ABC', 'Marie', 'Toury'),
(16, 'UTT', 'ABC', 'Kevin', 'Grosges'),
(17, 'UTT', 'ABC', 'Corentin', 'Obama'),
(18, 'UTT', 'ABC', 'Nathalie', 'Trump'),
(19, 'UTT', 'tech-CICO', 'Le Mercier', 'Marc'),
(20, 'UTT', 'Petitbonum', 'Asterix', 'Legaulois'),
(21, 'UTT', 'Babaorum', 'Obelix', 'Legaulois'),
(22, 'UTT', 'tech-CICO', 'Le Mercier', 'Jean-Gabriel'),
(23, 'UTT', 'ISI', 'Schneider', 'Léo'),
(24, 'IUT Descartes', 'TC', 'Le Mercier ', 'Raphael'),
(25, 'UTT', 'tech-CICO', 'Le Mercier', 'Jean-Gabriel'),
(26, 'UTT', 'blabla', 'abc', 'derp'),
(27, 'UPMC', 'hohoho', 'xyz', 'omg'),
(28, 'UTT', 'CREIDD', 'Obama ', 'Barack'),
(29, 'Elysée', 'UPMC', 'Chirac', 'Jacques'),
(30, 'SIGAA', 'DEPRO', 'Satoshi Sakuraba', 'Celso'),
(31, 'UTT', 'LOSI', 'Cynthia Santos', 'Andréa'),
(32, 'UTT', 'LOSI', 'Prins', 'Christian'),
(33, 'UTT', 'dep', 'AAAA', 'aaaa'),
(34, 'UTT', 'dep', 'BBBB', 'bbbb'),
(35, 'UTT', 'dep', 'CCCC', 'cccc'),
(36, 'UTT', 'rezg', 'rezgrezg', 'rezgrezg'),
(37, 'UTT', 'ISi', 'Noël', 'Père'),
(38, 'UTT', 'tech-CIO', 'Le Mercier', 'Jean-Gabriel');


INSERT INTO `Comptes` (`utilisateur_id`, `login`, `mdp`) VALUES
(1, 'jglm', '1234');



INSERT INTO `Publication` (`id`, `titre_article`, `reference_publication`, `annee`, `categorie`, `lieu`, `statut`, `date_ajout`) VALUES
(1, 'rodin', 'ref_1', 2015, 'ABC', NULL, 'rodin', '2015-10-01'),
(2, 'le_super_titre_2', 'ref_2', 2016, 'ABC', NULL, 'Publié', '2016-05-02'),
(3, 'le_super_titre_3', 'ref_3', 2013, 'ABC', NULL, 'Publié', '2013-05-24'),
(4, 'le_super_titre_4', 'ref_4', 2016, 'ABC', NULL, 'Publié', '2016-02-16'),
(5, 'le_super_titre_5', 'ref_5', 2011, 'ABC', NULL, 'Publié', '2011-02-26'),
(7, 'le_super_titre_7', 'ref_7', 2012, 'ABC', NULL, 'Publié', '0000-00-00'),
(8, 'le_super_titre_8', 'ref_8', 2012, 'ABC', NULL, 'Publié', '0000-00-00'),
(9, 'le_super_titre_9', 'ref_9', 2012, 'ABC', NULL, 'Publié', '0000-00-00'),
(10, 'le_super_titre_10', 'ref_10', 2012, 'ABC', NULL, 'Publié', '0000-00-00'),
(11, 'le_super_titre_11', 'ref_11', 2012, 'ABC', NULL, 'Publié', '0000-00-00'),
(12, 'le_super_titre_12', 'ref_12', 2012, 'ABC', NULL, 'Publié', '0000-00-00'),
(13, 'le_super_titre_13', 'ref_13', 2012, 'ABC', NULL, 'Publié', '0000-00-00'),
(14, 'le_super_titre_14', 'ref_14', 2012, 'ABC', NULL, 'Publié', '0000-00-00'),
(15, 'le_super_titre_15', 'ref_15', 2012, 'ABC', NULL, 'Publié', '0000-00-00'),
(18, 'un_nouveau_titre', 'une_nouvelle_ref', 2012, 'ABC', 'Paris', 'traité', '0000-00-00'),
(19, 'BestEvah', 'J''ai vraiment plus d''idée', 2019, 'RF', NULL, 'revision', '0000-00-00'),
(20, 'zeagfgeza', 'azeg', 2019, 'CF', 'Clermont-Ferrand', 'publie', '0000-00-00'),
(21, 'titre', 'lien', 2016, 'RI', NULL, 'publie', '0000-00-00'),
(22, 'titre', 'lien', 2019, 'OS', NULL, 'publie', '0000-00-00'),
(23, 'titre', 'agagf', 2016, 'RI', NULL, 'soumis', '0000-00-00'),
(24, 'zgagrag', 'rezgearg', 2016, 'RI', NULL, 'revision', '0000-00-00'),
(25, 'fereagfreg', 'ezgfezag', 2016, 'RI', NULL, 'revision', '0000-00-00'),
(26, 'Moi président', 'elysée.fr', 2018, 'TD', NULL, 'revision', '2016-05-30'),
(28, 'Work-troop scheduling for road network accessibility after a major earthquake.', 'Electronic Notes in Discrete Mathematics 52, 317–324.', 2016, 'RI', NULL, 'publie', '2016-05-30'),
(29, 'Modeling and solving the road network rehabilitation problem after a major earthquake.', '16ème congrès de la Société Française de Recherche Opérationnelle et d''Aide à la Décision (ROADEF)', 2016, 'CF', 'Marseille', 'publie', '2016-05-30'),
(30, 'ergrezg', 'ezgg', 2016, 'RI', NULL, 'soumis', '0000-00-00'),
(31, 'ergrezg', 'ezgg', 2016, 'RI', NULL, 'soumis', '2016-05-30'),
(32, 'mangez des pommes', 'Journal officiel', 2022, 'RF', NULL, 'soumis', '2016-05-30');


INSERT INTO `redige` (`Publication_id`, `Auteur_id`) VALUES
(1, 1),
(5, 1),
(4, 3),
(24, 4),
(3, 5),
(1, 6),
(25, 7),
(25, 9),
(4, 10),
(1, 12),
(3, 13),
(2, 15),
(5, 15),
(5, 16),
(5, 18),
(19, 22),
(19, 23),
(19, 24),
(20, 25),
(22, 26),
(23, 26),
(22, 27),
(26, 28),
(26, 29),
(32, 29),
(28, 30),
(28, 31),
(28, 32),
(29, 33),
(29, 34),
(29, 35),
(30, 36),
(31, 36),
(32, 37);

